"type","description","barcode","energykj","energykc","protein","carb","sugar","fat","saturates","fibre","sodium","hydrodised",,
"fruit","Waitrose Strawberries variety Eris 400g per 100g","5 000169 011416",119,28,0.8,6,6,0.1,0,1.1,0,"no"," "," "
"fruit","Waitrose Strawberries variety Camarosa 400g per 100g","5 000169 657461",119,28,0.8,6,6,0.1,0,2.3,0,"no"," "," "
"fruit","Tesco Pear Halves 410g per 135g serving","5 000119 105417",203,47,0.4,11.5,11.5,0,0,1.9,0,"no"," "," "
"fruit","Tesco Pear Halves 410g per 100g serving","5 000119 105417",150,35,0.3,8.5,8.5,0,0,1.4,0,"no"," ","  "
"fruit","Tesco eat me keep me green pears per 100g","1003 8772",152,36,0.4,8.3,8.3,0.1,0,2.2,0,"no"," "," "
"fruit","Waitrose english cherries per 100g","5 000169 302002",215,51,0.9,11.5,11.5,0.1,0,1.6,0,"no"," "," "
"fruit","Natures Harvest Fruit Surprise 500g per 500g","5 017174 954850",1326,314,2.1,64.6,66.7,5,4.1,6.6,0.01,"no"," "," "
"fruit","Waitrose Potatoes estima 2.5 kg per 100g","5 000169 028827",310,73,2.1,15.7,0.6,0.2,0,1.3,0,"no"," ","  "
"fruit","Super Trail Mix nuts 500g per 100g","5 017174 954843",2164,520,9.3,35.7,23.7,37.4,16.4,6.2,0.19,"no"," ","  "
"fruit","Whole Mixed Nuts 1Kg per 100g","5 017174 948989",2732,662,16,5.6,3.4,63.9,9.1,5.6,0.03,"no"," "," "
"fruit","Waitrose Apples Cox 1kg per 100g","0103 1515",206,49,0.5,11.4,11.4,0.1,0,2,0,"no"," "," "
"fruit","Shearway Luxury Fruit Salad 500g per 100g","5 011609 219507",183.7,43.3,0.6,10," ",0.1," "," "," "," "," "," "
"snacks","Waitrose Canberry cereal bars / bar","5 000169 940372",384,91,1.1,19.6,9.2,0.9,0.2,0.7,0," "," "," "
"snacks","Waitrose Canberry cereal bars / 100g","5 000169 940372",1537,363,4.5,78.3,36.9,3.5,0.7,2.9,0.13," "," "," "
"snacks","Waitrose apricot cereal bars / bar","5 000169 901687",377,89,1.2,19.2,7.2,0.8,0.3,1,0," "," "," "
"snacks","Waitrose apricot cereal bars / 100g","5 000169 901687",1509,356,4.9,76.9,28.6,3.2,1,3.8,0.17," "," "," "
"snacks","Waitrose Ginger cereal bars / bar","&nbsp;",388,92,1.2,19.8,7.4,0.8,0.3,0.8,0," "," "," "
"snacks","Waitrose Ginger cereal bars / 100g","&nbsp;",1554,367,4.9,79.3,29.7,3.3,1,3.3,0.2," "," "," "
"snacks","Jordans Organic cereal Bars Roast Hazelnut per bar","5 010477 311948",634,151,2.7,18.9,9.2,7.2,2,2.6,0.07," "," "," "
"snacks","Jordans Organic cereal Bars Roast Hazelnut per 100g","5 010477 311948",1907,455,8,56.7,27.6,21.8,6.1,7.8,0.2," "," "," "
"snacks","Jordans Absolutely Apricot per 33g bar","5 010477 313287",513,122,1.7,21.3,10.2,3.3,0.8,2.1,0.02," "," "," "
"snacks","Jordans Absolutely Apricot per 100g","5 010477 313287",1540,365,5,63.8,30.7,10,2.5,6.3,0.06," "," "," "
"snacks","Jordans Absolutely Apricot Frusli per 33g bar","5 010477 313263",513,122,1.7,21.3,10.2,3.3,0.8,2.1,0.02," "," "," "
"snacks","Jordans Absolutely Apricot Frusli per 33g bar per 100g","5 010477 313263",1540,365,5,63.8,30.7,10,2.5,6.3,0.06," "," "," "
"snacks","Village Bakery, Four Seeds Organic Trophy Bars 170g per 100g","5 022129 044371",410,1716,9.6,58.5,35.1,15.3,4.5,5.6,0.09," "," "," "
"snacks","Village Bakery, Four Seeds Organic Trophy Bars 170g per 42.5 bar","5 022129 044371",174,729,4.1,24.9,14.9,6.5,1.9,2.4,0," "," "," "
"snacks","Village Bakery, Four Fruits Organic Trophy Bars 170g per 100g","5 022129 098084",332,1396,5,65.1,40.8,5.7,3.3,3,0.09,"no"," "," "
"snacks","Village Bakery, Four Fruits Organic Trophy Bars 170g per 42.5 bar","5 022129 098084",141,593,2.12,27.7,17.3,2.42,1.4,1.27,0.04,"no"," "," "
"snacks","McVities goahead hazelnut & pistachio cereal bars 6*35g per bar","5 000168 106311",618,147,1.9,23.9,15.2,4.8,2.2,0.8,0.1," "," ","  "
"snacks","McVities goahead hazelnut & pistachio cereal bars 6*35g per 100g","5 000168 106311",1765,419,5.4,68.3,43.3,13.8,6.4,2.3,0.2," "," "," "
"snacks","Quaker harvest cheweee per 22g bar","5 000108 025351",395,94,1.1,15,5.9,3.3,2.1,0.7,0.1," "," "," "
"snacks","Quaker harvest cheweee per 100g","5 000108 025351",1800,427,5,68,27,15,9.5,3,0.3," "," ","  "
"snacks","Tesco Apricot Fruity grain bars 296g per 37g bar","5 010204 520360",564,134,1.3,25.3,17.2,3,1.5,0.9,0.1,"yes"," ","  "
"snacks","Tesco Apricot Fruity grain bars 296g per 100g","5 010204 520360",1525,361,3.6,68.5,46.5,8.1,4.1,2.4,0.2,"yes"," "," "
"snacks","Tesco 6 Maple cereal bars 150g per 25g bar","5 010204 720296",394,93,1.4,19.2,7.9,1.2,0.5,0.5,0.1,"no"," ","  "
"snacks","Tesco 6 Maple cereal bars 150g per 100g","5 010204 720296",1577,372,5.5,76.6,31.6,4.9,1.8,2,0.2,"no"," "," "
"snacks","Soft & Chewy 6 blueberry & honey cereal bars per 30g bar","0 061589 112768",480,115,1.8,21.9,8.2,2.5,0.4,1.2,0.1,"yes"," ","  "
"snacks","Soft & Chewy 6 blueberry & honey cereal bars per 100g","0 061589 112768",1610,384,6,73,27.4,8.3,1.4,3.9,0.2,"yes"," "," "
"snacks","Soft & Chewy 6 cranberry & honey cereal bars per 30g bar","0 061589 112775",480,115,1.8,21.9,8.2,2.5,0.4,1,0.1,"no"," "," "
"snacks","Soft & Chewy 6 cranberry & honey cereal bars per 100g","0 061589 112775",1600,382,6,73.1,27.4,8.3,1.4,3.1,0.2,"no"," "," "
"snacks","Harvest Chewee 8 pack per 100g","5 000108 025375",1780,425,6,67,27,15.5,9.5,3.5,0.3,"yes"," ","  "
"snacks","Harvest Chewee 8 pack per 22g bar","5 000108 025375",390,94,1.3,14.7,5.9,3.4,2.1,0.8,0.1,"yes"," ","  "
"snacks","Jordans Tangy citrus Frusli 6 bars per 33.3 g bar","5 010477 310422",523,124,1.4,23.7,12.9,2.6,0.6,0.7,0.03,"no"," ","  "
"snacks","Jordans Tangy citrus Frusli 6 bars per 100 g","5 010477 310422",1572,372,4.2,71.1,38.7,7.9,1.8,2.2,0.1,"no"," "," "
"snacks","Jordans Blueberry Frusli 6 bars per 33.3 g bar","5 101477 311924",523,126,1.6,23.4,13.3,2.9,0.7,1.4,0.01,"no"," ","  "
"snacks","Jordans Blueberry Frusli 6 bars per 100 g","5 101477 311924",1597,378,5,70.3,39.9,8.6,2,4.1,0.03,"no"," "," "
"snacks","Jordans Cranberry & Apple Frusli 6 bars per 33.3g bar","5 010477 318435",541,128,1.7,22.9,11.3,3.3,0.4,1.9,0.01,"no"," "," "
"snacks","Jordans Cranberry & Apple Frusli 6 bars per 100g","5 010477 318435",1624,385,5.1,68.9,33.9,9.9,1.2,5.8,0.03,"no"," ","  "
"snacks","Tesco healthy living 5 Cranberry & blackcurrent cereal bars per bar","5 010204 802565",335,79,1.4,17.1,6.6,0.6,0.2,2.2,0.1,"no"," ","  "
"snacks","Tesco healthy living 5 Cranberry & blackcurrent cereal bars per 100g","5 010204 802565",1338,316,5.5,68.2,26.3,2.3,0.6,8.6,0.3,"n"," "," "
"yogurt","waitrose live bio yogurt toffee 150g per pot","5 000169 007570",662,156,6.3,31.7,30.8,0.5,0.3,0,0.1," "," "," "
"yogurt","waitrose live bio yogurt toffee per 100g","5 000169 007570",441,104,4.2,21.1,20.5,0.3,0.2,0,0.07," "," "," "
"breakfast","Flora pro-activ spread 500g per 100 g","5 000118 050251",1351,328,0.1,3.2,0.2,35,8,0.3,0.7," "," "," "
"breakfast","Flora low salt 500g per 2x10g "," "," "," "," "," "," "," "," "," "," "," "," "," "
"breakfast cereal","Tesco Kids Malt Wheats - a 45g serving with 125ml semi-skimmed milk","5 000436 857112",904,214,8.6,37.4,13.2,3.3,1.6,4.5,0.2," "," ","  "
"breakfast cereal","Tesco Kids Malt Wheats - 100g","5 000436 857112",1454,343,10,69.2,15.4,2.9,0.5,10,0.4," "," "," "
"breakfast cereal","Tesco Bran flakes 750g - a 30g serving with 125ml semi-skimmed milk provides","5 000119 153906",671,159,7.2,26.4,11.4,2.7,1.5,4.2,0.2," "," "," "
"breakfast cereal","Tesco Bran flakes 750g - per 100g","5 000119 153906",1403,331,10.2,67.1,17.2,2.4,0.5,14.1,0.6," "," "," "
"breakfast cereal","Tesco 48 Wheat biscuits - a 37g serving with 125ml semi-skimmed milk provides","5 000119 117359",790,188,8.3,31.6,8,3,1.6,3.9,0.2," "," "," "
"breakfast cereal","Tesco 48 Wheat biscuits - a 100g serving provides","5 000119 117359",1440,340,11.2,67.6,4.7,2.7,0.6,10.5,0.3," "," "," "
"breakfast cereal","Kelloggs Fruit'n Fibre 750g per 100g","5 000127 072091",1501,355,8,69,25,5,3,9,0.55,"no"," ","  "
"breakfast cereal","Kelloggs Fruit'n Fibre 750g per 40g served with 125 ml of semi-skimmed milk","5 000127 072091",852,201,8,34,16,4,2.5,3.5,0.3,"no"," ","  "
"breakfast cereal","Kelloggs Special K 500g per 100g","5 000127 521056",1550,365,14,75,24,1,0.3,4,0.75,"no"," "," "
"breakfast cereal","Kelloggs Special K 500g per 30g with 125 of semi-skimmed milk","5 000127 521056",717,169,9,29,14,2.5,1.5,1,0.3,"no"," "," "
"breakfast cereal","Tesco Fruit & Fibre 750g per 30g serving with 125ml semi-skimmed milk","5 000119 684257",725,173,6.7,26.1,13.3,4.5,3,2.3,0.2,"no"," "," "
"breakfast cereal","Tesco Fruit & Fibre 750g per 100g","5 000119 684257",1582,375,8.5,66.3,23.5,8.4,5.3,7.8,0.5,"no"," "," "
"bread","Waitrose 4 Old Fashioned Brown Rolls per roll","5 000169 697009",640,152,6,26,1.4,2.6,1.1,3,0.43,"no"," "," "
"bread","Waitrose 4 Old Fashioned Brown Rolls per 100g","5 000169 697009",1071,241,9.6,41.3,2.2,4.1,1.8,4.7,0.69,"no"," "," "
"bread","Waitrose 4 Old Fashioned Granery Rolls/ Roll"," ",675,160,5.9,27.8,2.1,3.7,1.1,2.2,0.41," "," "," "
"bread","Waitrose 4 Old Fashioned Granery Rolls/ 100g","&nbsp;",1145,271,10,47.2,3.7,6.4,2,3.8,0.7," "," ","  "
"bread","Waitrose Thick sliced premium wholemeal bread / Slice","&nbsp;",447,106,4.8,18.2,1.6,1.5,0.4,2.8,0.2," "," ","  "
"bread","Waitrose Thick sliced premium wholemeal bread / 100g"," ",1005,237,10.7,41,3.6,3.4,0.8,6.2,0.5," "," "," "
"bread","Kingsmill Gold 800g Wholemeal Bread / slice","5 010092 050949",404,95,4.8,16.2,1.4,1.3,0.3,3.1,0.2," "," "," "
"bread","Kingsmill Gold 800g Wholemeal Bread / 100g","5 010092 050949",918,217,10.9,36.8,3.1,2.9,0.6,7,0.5," "," "," "
"bread","Waitrose Wholemeal thick sliced with oat flakes and mixed seeds 800g per slice ","5 000169 483732",472,112,4.8,16,0.8,3.2,0.3,2.6,0.2," "," "," "
"bread","Waitrose Wholemeal thick sliced with oat flakes and mixed seeds 800g per 100g","5 000169 483732",1064,252,10.9,36,1.7,7.2,0.7,5.8,0.4," "," "," "
"bread","Waitrose Granary 800g per slice","5 000169 515754",374,88,3.8,16,0.6,1,0.2,1.7,0.2," "," "," "
"bread","Waitrose Granary 800g per 100g","5 000169 515754",931,220,9.4,39.9,1.6,2.5,0.4,4.3,0.5," "," "," "
"bread","Waitrose 4 poppy seeded knot rolls per roll","5 000169 705438",715,169,6.2,29,2.8,3.2,0.8,1.3,0.3,"yes"," "," "
"bread","Waitrose 4 poppy seeded knot rolls per 100g","5 000169 705438",1192,282,10.3,48.3,4.6,5.3,1.4,2.1,0.5,"yes"," "," "
"bread","Hovis Wholemeal Farmhouse 800g per 100g","5 010003 000278",847,206,10.2,36.6,1.2,2.1,0.6,5.3,0.4," "," "," "
"bread","Hovis Wholemeal Farmhouse 800g per slice 44g","5 010003 000278",388,92,4.5,16.3,0.5,0.9,0.3,2.4,0.2," "," "," "
"bread","Tesco 4 Wholemeal deli rolls per roll 65g","5 031021 618863",658,156,5.8,26.1,2.7,3.1,1.5,3.7,0.4," "," "," "
"bread","Tesco 4 Wholemeal deli rolls per 100g","5 031021 618863",1013,240,9,40.2,4.1,4.8,2.3,5.7,0.6," "," "," "
"bread","Allinson Wholemeal Thick Cut 800g per slice","5 010092 048502",397,94,4.4,16.4,1.8,1.1,0.2,3.3,0.2," "," "," "
"bread","Allinson Wholemeal Thick Cut 800g per 100g","5 010092 048502",902,213,10.1,37.3,4,2.6,0.4,7.5,0.5," "," ","  "
"bread","Hovis Brown original wheatgerm medium sliced bread per slice 35g","5 010003 000421",345,82,3.8,14,0.6,1.2,0.4,1.3,0.2,"no"," "," "
"bread","Hovis Brown original wheatgerm medium sliced bread per 100g","5 010003 000421",985,233,10.8,40.1,1.7,3.3,1.1,3.7,0.5,"no"," "," "
"drink","Nestle Coffee-mate - virtually fat free 1Kg per 5g serving","5 011546 416984",83,20,0.1,4.2,0.7,0.3,0.3,0,0," "," "," "
"drink","Nestle Coffee-mate - virtually fat free 1Kg per 100g serving","5 011546 416984",1659,398,2.5,83.9,14.8,6.9,6.6,0,0.2," "," "," "
"drink","Tesco traditonal style lemonade - each can 330ml","5 000436 238515",647,152,0,38,38,0,0,0,0," "," "," "
"drink","Tesco traditonal style lemonade - 100ml","5 000436 238515",196,46,0,11.5,11.5,0,0,0,0," "," "," "
"drink","Waitrose UHT farm assured skimmed long life milk per 250ml serving","5 000169 019443",366,86,8.5,12.5,12.5,0.3,0.2,0,0.1," "," "," "
"drink","Waitrose UHT farm assured skimmed long life milk per 100ml","5 000169 019443",147,35,3.4,5,5,0.1,0,0,0," "," "," "
"drink","Waitrose pure gratefruit juice","5 000169 00780",181,43,0.4,9.2,9.2,0,0,0,0," "," "," "
"salad","Waitrose Perfectly Balanced Coleslaw 250g per 83g seving
","5 000169 948026",192,46,1.5,5.6,3.9,1.9,0.17,1.25,0.15," "," "," "
"salad","Waitrose Perfectly Balanced Coleslaw 250g per 100g","5 000169 948026",231,55,1.8,6.8,4.7,2.3,0.2,1.5,0.18," "," "," "
"salad","Tesco Tomatoes pack of 6 per 100g","1002 2405",76,18,0.7,3.1,3.1,0.3,0.1,1,0," "," "," "
"salad","Tesco Roasted mushroom, spinach and tarragon pasta salad 200g per 67g serving ","1004 7378",305,72,2.9,11.5,1.2,1.6,0.4,0.5,0.2," "," "," "
"salad","Tesco Roasted mushroom, spinach and tarragon pasta salad 200g per 100g","1004 7378",455,108,4.3,17.2,1.7,2.4,0.5,0.8,0.2," "," "," "
"salad","Waitrose Pasta & Mushroom Salad 200 g per 100g","5 000169 545058",667,160,4.1,14,1.6,7.9,1.8,0.6,0.5," "," "," "
"salad","Waitrose Maditerranean style Orzo Salad 225 per 100g","5 000169 692776",425,102,4.2,12.3,2.5,3.9,0.5,2.4,0.39," "," "," "
"salad","Waitrose Pasta & Mozzarella Salad 225 g per 100g","5 000169 882665",702,169,4.3,10,3.4,12.4,2.8,0.6,0.32," "," "," "
"salad","Waitrose garlic and herb dressing per 100ml","5 000169 352748",570,135,0.6,29.9,26.4,1.4,0.2,0.8,0.3," "," "," "
"salad","Waitrose Couscous with roasted vegetables per 100g","5 000169 545072",680,162,5.2,22.4,3.8,5.7,0.7,0,0.16," "," "," "
"salad","Waitrose Coleslaw Mix Shreaded 300g per 100g","5 00169 768228",121,29,1.1,5.6,5.2,0.2,0,2.2,0," "," ","  "
"salad","The Food Doctor Better Dressed Creamy basil dressing 250 ml per 100g","5 050179 244151",1626,394,1,12.4,12.2,37.8,5.2,0.2,0.7," "," "," "
"salad","The Food Doctor Better Dressed Creamy basil dressing 250 ml per 15g serving","5 050179 244151",244,59,0.2,1.9,1.8,5.7,0.8,0,0.1," "," "," "
"salad","Coleslaw and Cheese Layered Salad 400g per half pack","5 000169 906774",1192,288,7.4,11.8,2.4,23.4,5,3,0.54," "," "," "
"salad","Coleslaw and Cheese Layered Salad 400g per 100g","5 000169 906774",596,144,3.7,5.9,1.2,11.7,2.5,1.5,0.27," "," "," "
"salad","Coleslaw and Cheese Layered Salad 400g per half pack","5 000169 025130",1192,288,7.4,11.8,2.4,23.4,5,3,0.54," "," "," "
"salad","Coleslaw and Cheese Layered Salad per 100g","5 000169 025130",597,144,3.6,6.9,3.8,11.3,2.3,1.4,0.21,"no"," "," "
"salad","Waitrose Mediterranean style layed salad per 0.5 pack","5 000169 906781",1105,266,6.7,12.8,7,20.9,4.3,2.6,0.38,"no"," "," "
"salad","Waitrose Mediterranean style layed pasta salad 275g per 100g","5 000169 906781",377,90,3,13.3,3.4,2.7,0.4,1.6,0.14," "," "," "
"salad","Waitrose crunchy salad per 0.25 pack","5 000169 589618",38,9,0.5,1.3,1.3,0.2,0.1,0.8,0," "," "," "
"salad","Waitrose crunchy salad per 100g","5 000169 589618",76,18,1,2.6,2.5,0.4,0.1,1.5,0," "," "," "
"salad","Waitrose Sweet Pepper Salad 200g per 0.25 pack","5 000169 545164",47,11,0.5,1.9,1.8,0.2,0,0.7,0,"no"," "," "
"salad","Waitrose Sweet Pepper Salad 200g per 100g","5 000169 545164",95,22,0.9,3.8,3.6,0.4,0,1.5,0,"no"," "," "
"salad","Waitrose Tuna Layered Salad 300g per 0.5 pack","5 000169 026205",1155,279,7.2,7.4,4.2,24.5,2,2.7,0.26,"no"," "," "
"salad","Waitrose Tuna Layered Salad 300g per 100g","5 000169 026205",768,186,4.8,4.9,2.8,16.3,1.3,1.8,0.17,"no"," "," "
"salad","Tesco Mixed Salad 200g per 100g","1002 1330",100,24,1,4.2,4,0.3,0.1,2,0,"no"," "," "
"salad","Waitrose coleslaw and cheese layered salad 370g per 0.5 pack","5 000169 025130",1105,266,6.7,12.8,7,20.9,4.3,2.6,0.38,"no"," "," "
"salad","Waitrose coleslaw and cheese layered salad 370g per 100g","5 000169 025130",597,144,3.6,6.9,3.8,11.3,2.3,1.4,0.21,"no"," "," "
"salad","Waitrose Mediterranean style layered pasta salad 250g per 0.5 pack","5 000169 025123",665,158,5.1,25.1,4.1,4.1,0.4,1.3,0.27,"no"," "," "
"salad","Waitrose Mediterranean style layered pasta salad 250g per 100g","5 000169 025123",534,127,4.1,20.1,3.3,3.3,0.3,1,0.22,"no"," "," "
"salad","Waitrose Greek style layered salad 250g per 0.5 pack","5 000169 353677",275,65,2.5,5,3.8,3.8,2.5,0.9,0.2,"no"," "," "
"salad","Waitrose Greek style layered salad 250g per 100g","5 000169 353677",220,52,2.1,3.9,3.3,3.2,1.8,0.7,0.19,"no"," "," "
"salad","Tesco Fresh & Crispy side salad 230g per 57.5g","1004 7200",32,8,0.4,1.1,1,0.2,0,0.8,0,"no"," "," "
"salad","Tesco Fresh & Crispy side salad 230g per 100g","1004 7200",56,13,0.7,1.9,1.8,0.3,0,1.3,0,"no"," "," "
"salad","Marks & Spencer Santa Plum Tomato Salad 225g per 100g","0539 364",245,60,0.9,3.1,2.9,4.8,1,0.9,0.12,"no"," "," "
"salad","Marks & Spencer Santa Plum Tomato Salad 225g per 100g","0539 364",275,70,1,3.5,3.3,5.4,1.1,1,0.14,"no"," ","  "
"salad","Tesco Tomatoes pack of 6 per 100g","1002 2405",76,18,0.7,3.1,3.1,0.3,0.1,1,0,"no"," ","  "
"salad","Tesco Sweet & Crunchy salad per 100g","1004 6326",76,18,0.8,3,2.9,0.3,0,1.7,0.2,"no"," "," "
"vegetables","Witworths dried onions 40g per 100g dried product","5 000234 058322",1403,331,10.2,68.6,48.7,1.7,0,12.1,0.1,"no"," "," "
"goo","Heinz sun-dried tomato sauce 180ml per 100ml","8715 7987",319,75,1.6,15.1,14.1,0.7,0.1,0.9,0.8," "," "," "
"goo","Heinz sun-dried tomato sauce 180ml per 10ml serving","8715 7987",32,8,0.2,1.5,1.4,0.1,0,0.1,0.1," "," "," "
"goo","Flora low salt 500g per 20g serving","5018 7072",437,106,0,0,0,11.8,2.6,0,0," "," "," "
"goo","Flora low salt 500g per 100g","5018 7072",2183,531,0,0,0,59,13,0,0.04," "," "," "
"goo","Lemon Jif 55ml per 100g","5014 7205",102,24,0.5,2,2,0,0,0.1,0.1," "," "," "
"goo","Orgran Gravy mix 200g per portion 10g dry weight","20516 02016",137,32,0.59,7.67,0.01,7.65,0,"0.0004g",0.19," "," "," "
"goo","Orgran Gravy mix 200g per 100g","20516 02016",1376,326,5.9,76.7,0.05,76.65,0,0,1.9," "," "," "
"soup","Knorr vie smooth autumn vegetable soup 500ml per 100g","5 000118 056260",161,38,0.7,4.3,2.8,2,1.2,0.7,0.3," "," "," "
"soup","Knorr vie smooth autumn vegetable soup 500ml","5 000118 056260",795,190,3.5,21.5,14,10,6,3.5,1.5," "," "," "
"soup","Waitrose Green Pea & mint fresh soup 600g per 0.5 pot","5 000169 626900",627,150,5.4,16.5,6.2,23.1,16.8,3.6,0.83,"no"," "," "
"soup","Waitrose Green Pea & mint fresh soup 600g per 100g","5 000169 626900",209,50,1.8,5.5,1.6,7.7,5.6,1.2,0.27,"no"," "," "
"soup","New Covent Garden Food Co New Year Vegetable per 100g","5 060045 370488",174,41,1.5,7,4.3,0.8,0.2,1.2,0.3,"no"," "," "
"soup","Duchy Originals organic fresh green pea and ham soup with mint per 100g","5 029644 000882",375,90,4.5,5.4,1.2,5.6,2.8,1.4,0.4,"no"," "," "
"main meal birds eye","Birds Eye Lamb Curry with rice 350g","5 000116 052820",2200,520,21,80,5.7,13,3.8,3.4,0.4," ",,
"main meal birds eye","Birds Eye Lamb Curry with rice / 100g","5 000116 052820",575,136,5.6,20.8,1.5,3.4,1,0.9,0.1," ",,
"main meal birds eye","Birds Eye 4 Steak & Kidney Pies / pie","5 000116 055326",1760,420,15,32,3.3,26,13,1.6,0.6," ",,
"main meal birds eye","Birds Eye 4 Steak & Kidney Pies / 100g","5 000116 055326",1119,268,9.6,20.3,2.1,16.5,7.9,1,0.4," ",,
"main meal birds eye","Birds Eye 4 Cod Steaks in parsley sauce per bag","5 000116 018444",620,150,18,9,3.7,4.4,1.5,0.2,0.4,"no",,
"main meal birds eye","Birds Eye 4 Cod Steaks in parsley sauce per 100g","5 000116 018444",358,85,10.4,5,2.2,2.6,0.9,0.1,0.2,"no",,
"main meal birds eye","Birds Eye Prawn Curry with rice 375g","5 000116 050949",1900,450,13,79,5.4,9.2,1.5,3.8,0.7," ",,
"main meal birds eye","Birds Eye Prawn Curry with rice 375g per 100g","5 000116 050949",499,118,3.5,20.6,1.4,2.4,0.4,1,0.2," ",,
"main meal birds eye","Simply Fish, 4 natural skinless and boneless cod fillets in lighly seasoned  breadcrumbs per cod fillet baked","5 000116 053209",900,215,16,18,0.1,8.6,4,0.6,0.5," ",,
"main meal birds eye","Simply Fish, 4 natural skinless and boneless cod fillets in lighly seasoned breadcrumbs as sold per 100g","5 000116 053209",714,170,12.8,14.2,0.1,6.9,3.2,0.5,0.4," ",,
"main meal birds eye","6 new Zealand hoki steaks in crispy batter per hoki steak baked","5 00116 055579",1170,280,14,18,0.3,17,2.1,0.6,0.5," ",,
"main meal birds eye","6 new Zealand hoki steaks in crispy batter per 100g as sold","5 00116 055579",944,226,11.5,14.4,0.2,13.6,1.7,0.5,0.4," ",,
"main meal birds eye","Birds eye 6 new zealand hoki steaks in crunch crumb per steak","5 000116 055593",1040,250,15,20,0.4,12,1.5,0.9,0.4,"no",,
"main meal birds eye","Birds eye 6 new zealand hoki steaks in crunch crumb per 100g","5 000116 055593",907,217,13.1,17.2,0.4,10.6,1.3,0.8,0.3,"no",,
"main meal waitrose","Waitrose Lamb Hot Pot 400 g","5 000169 807323",1756,416,36.4,46.8,5.6,9.2,4,3.6,0.8," ",,
"main meal waitrose","Waitrose Lamb Hot Pot / 100g","5 000169 807323",439,104,9.1,11.7,1.4,2.3,1,0.9,0.2," ",,
"main meal waitrose","Waitrose Vegetable and Cheddar Cheese pie 210 g","5 000169 841273",1980,475,10.3,37.4,5.8,31.5,13.2,2.5,0.8," ",,
"main meal waitrose","Waitrose Vegetable and Cheddar Cheese pie / 100g","5 000169 841273",943,226,4.9,17.8,2.8,15,6.3,1.2,0.4," ",,
"main meal waitrose","Waitrose Cod Fillets 600g minimum 4 (per 150 g)","&nbsp;",1251,299,19.1,22.2,5,14.9,2.7,2.1,0.4," ",,
"main meal waitrose","Waitrose Cod Fillets /per 110 g","&nbsp;",834,199,12.7,14.8,3.3,9.9,1.8,1.4,0.3," ",,
"main meal waitrose","Waitrose Premium Cod Fillets 600g minimum 4 (per 150 g)","5 000169 686027",1206,288,20.2,17.7,1.4,15.1,2.1,1.5,0.47,"no",,
"main meal waitrose","Waitrose Premium Cod Fillets 600g minimum 4 (per 100 g)","5 000169 686027",804,192,13.5,11.8,0.9,10.1,1.4,1,0.31,"no",,
"main meal waitrose","Waitrose Prime cod fillets min 5 wt=550g per fillet (110 g)","5 000169 880487",337,81,18.4,0,0,0.7,0.1,0,0.1," ",,
"main meal waitrose","Waitrose Prime cod fillets min 5 wt=550g per 100g","5 000169 880487",306,74,16.7,0,0,0.6,0.1,0,0.1," ",,
"main meal waitrose","Waitrose Sliced Green Beans 1kg / 90g serving","5 000169 188651",95,23,1.7,2.8,2.1,0.5,0,2,0,"no",,
"main meal waitrose","Waitrose Sliced Green Beans 1kg / 100g","5 000169 188651",104,25,1.9,3.1,2.3,0.5,0.1,2.2,0,"no",,
"main meal waitrose","Waitrose Sliced Green Beans 500g / 90g serving","5 000169 518175",89,22,1.7,2.9,2.1,0.4,0,2,0," ",,
"main meal waitrose","Waitrose Sliced Green Beans 500g / 100g","5 000169 518175",99,24,1.9,3.2,2.3,0.5,0,2.2,0," ",,
"main meal waitrose","Waitrose whole beans 1kg per 100g","5 000169 188644",99,24,1.9,3.2,2.3,0.5,0,2.2,0,"no",,
"main meal waitrose","Waitrose Button Sprouts 1kg / 90g serving","5 000169 073742",165,39,3.2,3.7,2.8,1.3,0.3,3.7,0," ",,
"main meal waitrose","Waitrose Button Sprouts 1kg / 100g","5 000169 073742",181,43,3.5,4.1,3.1,1.4,0.3,4.1,0," ",,
"main meal waitrose","Waitrose Potatoes 2.5kg per 100g","0102 8829",310,73,2.1,15.7,0.6,0.2,0,1.3,0," ",,
"main meal waitrose","Waitrose bistro Mushroom and roasted onion pizza per 1/2 pizza","5 000169 853948",1698,403,18.4,54.1,2.6,12.6,4.1,2.4,0.7,"no",,
"main meal waitrose","Waitrose bistro Mushroom and roasted onion pizza per 100g","5 000169 853948",906,215,9.8,28.9,1.4,6.7,2.2,1.3,0.4,"no",,
"main meal waitrose","Waitrose Tagliatelle Carbonara 700g per 1/2 pack (350g)","5 00169 858653",3117,750,23.8,34.7,6.3,57.4,32.2,1.8,1.68," ",,
"main meal waitrose","Waitrose Tagliatelle Carbonara 700g per 100g","5 00169 858653",891,214,6.8,9.9,1.8,16.4,9.2,0.5,0.48," ",,
"main meal waitrose","Waitrose Ham & mushroom tagliatelle 400g per pack","5 000169 809327",2428,580,22.4,52.4,6.4,31.2,19.2,3.2,1,"no",,
"main meal waitrose","Waitrose Ham & mushroom tagliatelle per 100g","5 000169 809327",607,145,5.6,13.1,1.6,7.8,4.8,0.8,0.2,"no",,
"main meal waitrose","Waitrose Mushroom and Parsley Potato 350g per pack","5 000169 858622",1445,345,8.8,38.2,2.8,17.5,10.9,4.3,1.31," ",,
"main meal waitrose","Waitrose Mushroom and Parsley Potato 350g per 100g","5 000169 858622",413,99,2.5,10.9,0.8,5,3.1,1.2,0.37," ",,
"main meal waitrose","Waitrose Breaded hoki fillets 600g per fillet (typical 150g)","5 000169 005279",1150,274,22,17.8,0.7,13.5,1.5,1.6,0.44,"no",,
"main meal waitrose","Waitrose Breaded hoki fillets 600g per 100g","5 000169 005279",767,183,14.7,11.9,0.5,9,1,1.1,0.29,"no",,
"main meal waitrose","Waitrose Casserole Vegetables 1kg per 100g","5 000169 382732",74,17,0.5,3.4,2.5,0.2,0,1,0,"no",,
"main meal waitrose","Waitrose Cauliflower 1kg per 100g","5 000169 073629",146,35,3.6,3,2.5,0.9,0.2,1.8,0,"no",,
"main meal waitrose","Waitrose Broccoli 1kg per 100g","5 000169 508541",139,33,4.4,1.8,1.5,0.9,0.2,2.6,0,"no",,
"main meal waitrose","Waitrose Broccoli 1kg per 90g serving","5 000169 508541",125,30,4,1.6,1.4,0.8,0.2,2.3,0,"no",,
"main meal waitrose","Waitrose Thin & Crispy Garlic Mushroom Pizza 390g per 0.5 pizza","5 000169 276754",1901,454,16,46.6,2.7,22.6,7.6,3.7,1.4,"yes",,
"main meal waitrose","Waitrose Thin & Crispy Garlic Mushroom Pizza 390g per 100g","5 000169 276754",975,233,8.2,23.9,1.4,11.6,3.9,1.9,0.7,"yes",,
"main meal waitrose","Waitrose Organic Broccoli 500g per 80g serving","5 000169 031674",110,26,3.5,1.4,1.2,0.7,0.2,2.1,0,"no",,
"main meal waitrose","Waitrose Organic Broccoli 500g per 100g","5 000169 031674",138,33,4.4,1.8,1.5,0.9,0.2,2.6,0,"no",,
"main meal waitrose","Waitrose Vegetable Moussaka 350g per pack","5 000169 023693",1900,455,14,35.4,12.6,28.7,6,9.4,1.19,"yes",,
"main meal waitrose","Waitrose Vegetable Moussaka 350g per 100g","5 000169 023693",543,130,4,10.1,3.6,8.2,1.7,2.7,0.34,"yes",,
"main meal waitrose","Waitrose Vegetable Moussaka 700g per pack","5 000169 023679",3462,833,26.6,65.8,22.4,51.1,12.6,14,1.89,"yes",,
"main meal waitrose","Waitrose Vegetable Moussaka 700g per 100g","5 000169 023679",494,119,3.8,9.4,3.2,7.3,1.8,2,0.27,"yes",,
"main meal waitrose","Waitrose Garden Peas 907g per 70g serving","5 000169 072363",201,47,4,6.5,1.8,0.6,0.1,3.3,0,"no",,
"main meal waitrose","Waitrose Garden Peas 907g per 100g","5 000169 072363",288,68,5.7,7.3,2.3,0.9,0.2,4.7,0,"no",,
"main meal waitrose","Waitrose Garden Peas 1.81kg per 70g serving","5 000169 072370",201,47,4,6.5,1.8,0.6,0.1,3.3,0,"no",,
"main meal waitrose","Waitrose Garden Peas 1.81kg per 100g","5 000169 072370",288,68,5.7,7.3,2.3,0.9,0.2,4.7,0,"no",,
"main meal waitrose","Waitrose broccoli 1kg per 100g","5 000169 508541",139,33,4.4,1.8,1.5,0.9,0.2,2.6,0,"no",,
"main meal waitrose","Waitrose mushroom stroganoff 400g per 100g","5 000169 034347",417,99,2.1,14.6,0.9,3.6,2,0.5,0.19,"no",,
"main meal waitrose","Waitrose mushroom stroganoff 400g per pack","5 000169 034347",1668,397,8.4,58.4,3.6,14.4,8,2,0.75,"no",,
"main meal waitrose","Waitrose mushroom risotto 350g per pack","5 000169 858721",1159,277,6.7,24.2,3.2,17.2,10.5,1.8,1.41,"no",,
"main meal waitrose","Waitrose mushroom risotto 350g per 100g","5 000169 858721",331,79,1.9,6.9,0.9,4.9,3,0.5,0.4,"no",,
"main meal waitrose","Waitrose mushroom risotto 350g per pack","5 000169 809341",1372,308,7.6,42.5,1.3,14.2,7.9,2,0.84,"no",,
"main meal waitrose","Waitrose mushroom risotto 350g per 100g","5 000169 809341",392,94,2.2,12.1,0.4,4.1,2.3,0.6,0.63,"no",,
"main meal waitrose","Waitrose mediterranean vegetable lasagne 400g per pack","5 000169 023617",1808,432,14,48,14.8,20.4,9.2,5,1.44,"no",,
"main meal waitrose","Waitrose mediterranean vegetable lasagne 400g per 100g","5 000169 023617",452,108,3.5,12,3.7,5.1,2.3,1.3,0.36,"no",,
"main meal waitrose","Waitrose macaroni cheese 350g per pack","5 000169 014141",1478,351,23.5,39.9,3.9,10.9,6.7,1.7,1.01,"no",,
"main meal waitrose","Waitrose macaroni cheese 350g per pack","5 000169 014141",422,100,6.7,11.4,1.1,3.1,1.9,0.5,0.29,"no",,
"main meal waitrose","Waitrose macaroni cheese 400g per pack","5 000169 043851",1694,403,21.2,43.6,6,16,9.2,2,1,"no",,
"main meal waitrose","Waitrose macaroni cheese 400g per 100g","5 000169 043851",423,101,5.3,10.9,1.5,4,2.3,0.5,0.25,"no",,
"main meal waitrose","Waitrose mediterranean vegetable lasagne 400g per pack","5 000169 023617",1808,432,14,48,14.8,20.4,9.2,5,1.44,"no",,
"main meal waitrose","Waitrose mediterranean vegetable lasagne 400g per 100g","5 000169 023617",452,108,3.5,12,3.7,5.1,2.3,1.3,0.36,"no",,
"main meal waitrose","Waitrose mixed beans with lentils 300g per pack","5 000169 018460",1667,399,15.3,35.1,5.1,21.9,11.1,9.3,1.26,"no",,
"main meal waitrose","Waitrose mixed beans with lentils 300g per 100g","5 000169 018460",556,133,5.1,11.7,1.7,7.3,3.7,3.1,0.42,"no",,
"main meal waitrose","Waitrose thin and crispy ham and pinapple pizza 220g per 0.5 pizza","5 000169 015773",1289,308,14.1,36.6,5.6,10.6,3.3,2.4,0.68,"no",,
"main meal waitrose","Waitrose thin and crispy ham and pinapple pizza 220g per 100g","5 000169 015773",1172,280,12.8,33.3,5.1,9.6,3,2.2,0.62,"no",,
"main meal waitrose","Waitrose whole leaf spinach 500g per 90g serving","5 000169 188675",92,22,2.5,1.4,1.3,0.7,0.2,1.9,0,"no",,
"main meal waitrose","Waitrose whole leaf spinach 500g per 100g","5 000169 188675",103,24,2.8,1.5,1.4,0.8,0.2,2.1,0.1,"no",,
"main meal waitrose","Waitrose tomato & mozzarella pasta 350g per pack","&nbsp;",1834,438,10.8,47.6,8.8,22.8,9.1,4.2,1.86,"no",,
"main meal waitrose","Waitrose tomato & mozzarella pasta 350g per 100g","&nbsp;",524,125,3.1,13.6,2.5,6.5,2.6,1.2,0.53,"no",,
"main meal waitrose","Waitrose perfectly balanced garlic mushroom pasta 400g per pack ","5 000169 053768",1684,400,13.2,70,5.6,8.8,3.2,3.6,0.64,"no",,
"main meal waitrose","Waitrose perfectly balanced garlic mushroom pasta 400g per 100g ","5 000169 053768",421,100,3.3,17.5,1.4,2.2,0.8,0.9,0.16,"no",,
"main meal waitrose","Waitrose Red Cabbage 200g per pack","5 000169 015650",884,210,2.4,32.2,31.6,8,3,4.6,0.36,"no",,
"main meal waitrose","Waitrose Red Cabbage 200g per 100g","5 000169 015650",442,105,1.2,16.1,15.8,4,1.5,2.3,0.18,"no",,
"main meal waitrose","Waitrose leek and bacon pasta 400g per pack","5 000169 023570",2580,616,20.8,55.2,7.2,34.8,18.4,3.6,1.24,"no",,
"main meal waitrose","Waitrose leek and bacon pasta 400g per 100g","5 000169 023570",645,154,5.2,13.8,1.8,8.7,4.6,0.9,0.31,"no",,
"main meal waitrose","Waitrose pizzeria tomato, aubergine and spinach 385g per 0.5 pizza ","5 000169 951798",1699,402,15,68.1,14.2,7.7,2.5,6.9,1.17,"no",,
"main meal waitrose","Waitrose pizzeria tomato, aubergine and spinach 385g per 100g","5 000169 951798",882,209,7.8,35.4,7.4,4,1.3,3.6,0.61,"no",,
"main meal tesco","Tesco Vegetarian Vegetable Bake 400g","&nbsp;",1840,440,16.4,39.6,"9.2g",24,16.8,3.6,0.5," ",,
"main meal tesco","Tesco Vegetarian Vegetable Bake / 100g","&nbsp;",460,110,4.1,9.9,2.3,6,4.2,0.9,0.1," ",,
"main meal tesco","Tesco 4 vegetable pies / 141.8 g pie","5 018374 527509",1605,386,6.9,33.5,4.8,24.8,11.1,1.7,0.5," ",,
"main meal tesco","Tesco 4 vegetable pies / 100 g","5 018374 527509",1132,272,4.9,23.6,3.4,17.5,7.8,1.2,0.3," ",,
"main meal tesco","Tesco Cheese & Tomato pasta bake 400g / pack","5 000436 470410",1648,388,13.6,71.2,10.4,5.6,3.4,4.8,1.4," ",,
"main meal tesco","Tesco Cheese & Tomato pasta bake 400g / 100g","5 000436 470410",412,97,3.4,17.8,2.6,1.4,0.8,1.2,0.3," ",,
"main meal tesco","Tesco Vegetable Gravy Granules 170g per 20g serving","5 018374 037138",391,94,0.8,7.7,0.8,6.7,2.6,0.7,1.2,"yes"," ",,
"main meal tesco","Tesco Vegetable Gravy Granules 170g per 100g  ","5 018374 037138",1955,470,3.8,38.5,4.2,33.4,12.8,3.7,6,"yes"," ",,
"main meal tesco","Tesco Deep Pan Farmhouse 464g per 232g","5 050179 478440",229,548,27.5,53.9,4.9,24.6,8.6,2.3,1.7," ",,
"main meal tesco","Tesco Deep Pan Farmhouse 464g per 100g","5 050179 478440",989,236,11.9,23.2,2.1,10.6,3.7,1,0.7," ",,
"main meal tesco","Tesco healthyliving mushroom risotto 400g per pack","5 010204 494999",1360,320,10.5,62.4,8.6,3.3,2,2.4,1.1,"yes",,
"main meal tesco","Tesco healthyliving mushroom risotto per 100g","5 010204 494999",340,80,2.6,15.6,2.2,0.8,0.5,0.6,0.3,"yes",,
"main meal tesco","Tesco vegetarian cottage pie 400g per pack","5 000436 704683",1812,432,17.6,51.6,8.8,17.2,4.8,3.6,1.4," ",,
"main meal tesco","Tesco vegetarian cottage pie per 100g","5 000436 704683",453,108,4.4,12.9,2.2,4.3,1.2,0.9,0.3," ",,
"main meal tesco","Skinless & boned cod fillets in ovencrisp breadcrumbs 600g per 150g serving","5 018374 664303",1239,296,20.6,23,5.4,13.5,1.7,1.8,0.6," ",,
"main meal tesco","Skinless & boned cod fillets in ovencrisp breadcrumbs 600g per 100g serving","5 018374 664303",826,197,13.7,15.3,3.6,9,1.1,1.2,0.4," ",,
"main meal tesco","4 Breaded Haddock fillets 600g per 150g seving","5 010204 157986",1107,263,19.5,26.7,1.1,8.7,0.8,1.5,0.5," ",,
"main meal tesco","4 Breaded Haddock fillets 600g per 100g","5 010204 157986",738,175,13,17.8,0.7,5.8,0.5,1,0.3," ",,
"main meal tesco","4 Battered Haddock fillets 600g per 150g seving","5 010204 162874",1389,333,15.2,24.8,3.5,19.2,2.3,1.4,0.7,"no",,
"main meal tesco","4 Battered Haddock fillets 600g per 100g","5 010204 162874",926,222,10.1,16.5,2.3,12.8,1.5,0.9,0.5,"no",,
"main meal tesco","Tesco healthyliving cauliflower cheese 400g per 400g","5 010204 494784",892,212,12.5,16.4,4,10.8,6.7,6,1," ",,
"main meal tesco","Tesco healthyliving cauliflower cheese 400g per 100g","5 010204 494784",223,53,3.1,4.1,1,2.7,1.7,1.5,0.2," ",,
"main meal tesco","Tesco Tagliatelle carbonara 400g per pack","5 010204 146416",2008,480,16.8,50,1.6,23.6,7.8,5.6,1.3,"yes",,
"main meal tesco","Tesco Tagliatelle carbonara 400g per 100g","5 010204 146416",502,120,4.2,12.5,0.4,5.9,2,1.4,0.3,"yes",,
"main meal tesco","Tesco Macaroni cheese 400g per pack","5 010204 369730",1980,472,17,47.2,1.2,24,14.2,0,0.9,"yes",,
"main meal tesco","Tesco Macaroni cheese 400g per 100g","5 010204 369730",495,118,4.3,11.8,0.3,6,3.6,0,0.2,"yes",,
"main meal tesco","Tesco Vegetarian 2 Creamy mushroom escolopes per escolope","5 010204 293219",1598,383,15,30,3,22.5,5.6,3,1.4,"no",,
"main meal tesco","Tesco Vegetarian 2 Creamy mushroom escolopes per 100g","5 010204 293219",1065,255,10,20,2,15,3.7,2,0.9,"no",,
"main meal tesco","Tesco Vegetarian 2 Creamy pepper escolopes per 150g serving","5 010204 293233",1701,408,15,26.3,4.5,27,10.1,3,1.3,"no",,
"main meal tesco","Tesco Vegetarian 2 Creamy pepper escolopes per 100g","5 010204 293233",1134,272,10,17.5,3,18,6.7,2,0.9,"no",,
"main meal tesco","Tesco Swede & Carrot 750g per 100g","5 031021 156112",128,30,0.7,6.2,5.9,0.3,0.1,2.2,0,"no",,
"main meal tesco","Tesco breaded chunky cod fillets 540g per 135g fillet","5 010204 477640",847,201,19,14,3.5,7.7,0.7,2.7,0.3," ",,
"main meal tesco","Tesco breaded chunky cod fillets 540g per 100g","5 010204 477640",627,149,14.1,10.4,2.6,5.7,0.5,2,0.2," ",,
"main meal tesco","Tesco 4 breaded cod fillets 600g per 150g fillet","5 010204 161075",1122,267,19.1,28.1,1.2,8.7,0.6,2,0.4,"no",,
"main meal tesco","Tesco 4 breaded cod fillets 600g per 100g","5 010204 161075",748,178,12.7,18.7,0.8,5.8,0.4,1.3,0.3,"no",,
"main meal tesco","Tesco organic sliced carrots 1kg per 100g","5 000436 920083",127,30,0.7,5.7,5.3,0.5,0.1,2.4,0,"no",,
"main meal tesco","Tesco sliced mushrooms 500g per 100g","5 031021 156235",56,13,1.8,0.4,0.2,0.5,0.1,1.1,0,"no",,
"main meal tesco","Tesco garden peas 1.81g per 100g","5 000119 141606",350,83,6.9,10.4,2.2,1.5,0.3,4.7,0,"no",,
"main meal tesco","Tesco cut cabbage 1kg per 100g","5 031021 130662",39,9,1.3,3.2,3.1,0.5,0,3,0,"no",,
"main meal tesco","Tesco Mushroom quiche 400g per 100g","5 010204 736693",1038,250,5.6,17.4,2.5,17.5,7.5,1,0.3,"no",,
"main meal tesco","Tesco frozen broccoli florets per 100g","5 031021 156235",56,13,1.8,0.4,0.2,0.5,0.1,1.1,0,"no",,
"main meal tesco","Tesco frozen broccoli florets 750g per 100g","5 018374 251725",137,33,4.4,1.7,1.4,0.9,0.2,2.6,0,"no",,
"main meal tesco","Tesco frozen broccoli florets 750g per 75g serving boiled in unsalted water ","5 018374 251725",97,23,2.5,1.7,1.1,0.7,0,2.7,0,"no",,
"main meal tesco","Tesco mushroom stoganoff with rice 400g per pack","5 050179 116298",1816,432,14.6,57.7,6.6,15.8,9.3,2.4,0.9,"no",,
"main meal tesco","Tesco mushroom stoganoff with rice 400g per 100g","5 050179 116298",454,108,3.6,14.4,1.6,4,2.3,0.6,0.2,"no",,
"main meal tesco","Tesco broccoli quiche 400g per 100g","5 050179 887594",1086,261,6.8,16.6,1.5,18.6,8,1.1,0.3,"no",,
"main meal tesco","Tesco sliced green beans 750g per 75g serving","5 018374 251626",82,20,1.4,3.3,1.5,0,0,3.1,0,"no",,
"main meal tesco","Tesco sliced green beans 750g per 100g","5 018374 251626",102,24,1.9,3,2.2,0.5,0.1,2.2,0,"no",,
"main meal tesco","Tesco Vegetarian Lasagne 430g per pack","5 010204 635842",2425,581,22.8,58.7,20.2,28.2,7.1,4.3,1.4,"no",,
"main meal tesco","Tesco Vegetarian Lasagne 430g per 100g","5 010204 635842",564,135,5.3,13.6,4.7,6.6,1.7,1,0.3,"no",,
"main meal tesco","Tesco Vegetarian Cottage Pie 450g per pack","5 010204 635866",1855,443,22.2,36.2,10.5,23.3,6.6,8.2,1.4,"no",,
"main meal tesco","Tesco Vegetarian Cottage Pie 450g per 100g","5 010204 635866",412,99,4.9,8,2.3,5.2,1.5,1.8,0.3,"no",,
"main meal tesco","Tesco healthy living Vegetable pie 450g per pack","5 050179 449778",1476,351,12.2,48.3,4.4,12.2,8.1,4.1,0.8,"no",,
"main meal tesco","Tesco healthy living Vegetable pie 450g per 100g","5 050179 449778",328,78,2.7,10.7,1,2.7,1.8,0.9,0.2,"no",,
"main meal linda mccartney","Linda McCartney Vegetable Stew and Dumplings 340g","5 000149 027314",1612,385,8.5,46.6,4.4,6.1,3.4,1.8,1.5,"yes",,
"main meal linda mccartney","Linda McCartney Vegetable Stew and Dumplings / 100g","5 000149 027314",474,113,2.5,13.7,1.3,1.8,1,0.5,0.4,"yes",,
"main meal linda mccartney","Linda McCartney 4 Deep Country Pies / pie","5 000149 016639",1798,430,11,44.2,7.4,23.2,10.1,1.9,0.7,"yes",,
"main meal linda mccartney","Linda McCartney 4 Deep Country Pies / 100g","5 000149 016639",1016,243,6.2,25,4.2,13.1,5.7,1.1,0.4,"yes",,
"main meal linda mccartney","Linda McCartney shepherds pie per pie","5 000149 026867",1336.8,316.5,15.6,47.2,6.3,7.1,2.2,5.4,1," ",,
"main meal linda mccartney","Linda McCartney shepherds pie per 100g","5 000149 026867",393.2,93.1,4.6,13.9,2.1,2.1,0.6,1.6,0.3," ",,
"main meal linda mccartney","Linda McCartney mediterranean vegetable lasagne 320g per 100g","5 000149 027765",422,104,3.2,15.8,3.6,3.1,1.3,1.5,0.2,"no",,
"main meal linda mccartney","Linda McCartney mediterranean vegetable lasagne 320g per pack","5 000149 027765",1350,332,10.3,50.7,11.6,9.8,4.1,4.7,0.8,"no",,
"main meal findus","Findus Leek & Carrot Gratin (400g) ","5 050093 301152",1840,440,14,38,,26," "," ",,"no",,
"main meal findus","Findus Macaroni Cheese 360g per serving","5 050093 300919",2390,570,22.7,51.4,,30.5," "," ",,"no",,
"main meal ross","Spinach & Ricotta Cannelloni 300g per pack","5 000149 025440",1216,289,11.7,39.6,5,9.3,4.4,4.7,0.9,"no",,
"main meal ross","Spinach & Ricotta Cannelloni 300g per 100g","5 000149 025440",405,96,3.9,13.2,1.7,3.1,1.5,1.6,0.3,"no",,
"main meal ross","Cauliflower Cheese 300g per 100g","5 000149 025457",297,71,3.1,5.6,2.2,4,1.8,1.1,0.3,"no",,
"main meal ross","Cauliflower Cheese 300g per 100g","5 000149 025457",890,213,9.3,16.7,6.6,12.1,5.4,3.3,0.9,"no",,
"main meal marks & spencer","Marks & Spencer vegetarian pasta and vegetable bake 350g per 100g","0837 996",540,130,4.8,14.6,2.2,5.7,3,1.6,0.24,"no",,
"main meal marks & spencer","Marks & Spencer vegetarian pasta and vegetable bake 350g per pack","0837 996",1890,450,16.8,51.1,7.6,19.9,10.3,5.6,0.84,"no",,
"main meal marks & spencer","Marks & Spencer four cheese ravioli 400g per 100g","0154 222",505,120,6.7,13.1,2.4,4.6,2.4,1,0.3,"no",,
"main meal marks & spencer","Marks & Spencer four cheese ravioli 400g per pack","0154 222",2020,480,26.8,52.4,9.6,18.4,9.6,4,1.2,"no",,
"main meal marks & spencer","Marks & Spencer Fresh Cauliflower Cheese per 100g","0119 252",270,65,5.6,3.7,2.7,2.6,1.6,2.1,0.1,"no",,
"main meal marks & spencer","Marks & Spencer Fresh Cauliflower Cheese per 300g pack","0119 252",810,195,16.8,11.1,8.1,7.8,4.8,6.3,0.3,"no",,
"main meal youngs","Youngs chip shop 4 large cod fillets in batter 540g per 100g","5 000205 020662",973,233,11,15.1,0.3,14.6,7.3,0.6,0.41,"no",,
"main meal youngs","Youngs chip shop 4 large cod fillets in batter 540g per fillet ovenbaked","5 000205 020662",1313,315,14.9,20.4,0.4,19.7,9.8,0.8,0.6,"no",,
"main meal youngs","Youngs Garlic & herb 2 fish fillets 270g per potion ovenbaked","5 000205 024721",1091,261,15,22.2,0.5,12.4,6.4,2.1,0.6,"no",,
"main meal youngs","Youngs Garlic & herb 2 fish fillets 270g per 100g as sold","5 000205 024721",927,222,11,16.2,2,12.6,6.5,1.4,1.4,"no",,
